Workbook

Sheet 2023
B1: Jan | C1: Feb | D1: Mar | E1: Apr
A2: Per A | B2: 18 | C2: 19 | D2: 20 | E2: 17
A3: Per B | B3: 20 | C3: 19 | D3: 12 | E3: 15
A4: Per C | B4: 19 | C4: 15 | D4: 14 | E4: 13
A5: Per D | B5: 19 | C5: 11 | D5: 20 | E5: 19
A6: Per E | B6: 11 | C6: 14 | D6: 13 | E6: 15
A7: Per F | B7: 12 | C7: 16 | D7: 15 | E7: 13

Sheet 2024
B1: ='2023'!B1 -> Jan | C1: ='2023'!C1 -> Feb | D1: ='2023'!D1 -> Mar | E1: ='2023'!E1 -> Apr
A2: ='2023'!A2 -> Per A | B2: 10 | C2: 13 | D2: 10 | E2: 16
A3: ='2023'!A3 -> Per B | B3: 19 | C3: 13 | D3: 13 | E3: 20
A4: ='2023'!A4 -> Per C | B4: 20 | C4: 15 | D4: 13 | E4: 14
A5: ='2023'!A5 -> Per D | B5: 12 | C5: 16 | D5: 10 | E5: 18
A6: ='2023'!A6 -> Per E | B6: 16 | C6: 12 | D6: 20 | E6: 14
A7: ='2023'!A7 -> Per F | B7: 14 | C7: 10 | D7: 11 | E7: 19

Sheet 2025
B1: ='2024'!B1 -> Jan | C1: ='2024'!C1 -> Feb | D1: ='2024'!D1 -> Mar | E1: ='2024'!E1 -> Apr
A2: ='2024'!A2 -> Per A | B2: 17 | C2: 13 | D2: 10 | E2: 10
A3: ='2024'!A3 -> Per B | B3: 18 | C3: 13 | D3: 11 | E3: 14
A4: ='2024'!A4 -> Per C | B4: 18 | C4: 10 | D4: 14 | E4: 11
A5: ='2024'!A5 -> Per D | B5: 12 | C5: 10 | D5: 13 | E5: 16
A6: ='2024'!A6 -> Per E | B6: 18 | C6: 19 | D6: 13 | E6: 20
A7: ='2024'!A7 -> Per F | B7: 13 | C7: 19 | D7: 17 | E7: 19

Sheet Year Sales
B2: =SUM('2023:2025'!B2) -> 45 | C2: =SUM('2023:2025'!C2) -> 45 | D2: =SUM('2023:2025'!D2) -> 40 | E2: =SUM('2023:2025'!E2) -> 43
B3: =SUM('2023:2025'!B3) -> 57 | C3: =SUM('2023:2025'!C3) -> 45 | D3: =SUM('2023:2025'!D3) -> 36 | E3: =SUM('2023:2025'!E3) -> 49
B4: =SUM('2023:2025'!B4) -> 57 | C4: =SUM('2023:2025'!C4) -> 40 | D4: =SUM('2023:2025'!D4) -> 41 | E4: =SUM('2023:2025'!E4) -> 38
B5: =SUM('2023:2025'!B5) -> 43 | C5: =SUM('2023:2025'!C5) -> 37 | D5: =SUM('2023:2025'!D5) -> 43 | E5: =SUM('2023:2025'!E5) -> 53
B6: =SUM('2023:2025'!B6) -> 45 | C6: =SUM('2023:2025'!C6) -> 45 | D6: =SUM('2023:2025'!D6) -> 46 | E6: =SUM('2023:2025'!E6) -> 49
B7: =SUM('2023:2025'!B7) -> 39 | C7: =SUM('2023:2025'!C7) -> 45 | D7: =SUM('2023:2025'!D7) -> 43 | E7: =SUM('2023:2025'!E7) -> 51
J8: Sum of Sales | P8: Average
K9: Jan | L9: Feb | M9: Mar | N9: Apr | Q9: Jan | R9: Feb | S9: Mar | T9: Apr
J10: Per A | K10: 45 | L10: 45 | M10: 40 | N10: 43 | P10: Per A | Q10: 15 | R10: 15 | S10: 13.333333 | T10: 14.333333
J11: Per B | K11: 57 | L11: 45 | M11: 36 | N11: 49 | P11: Per B | Q11: 19 | R11: 15 | S11: 12 | T11: 16.333333
J12: Per C | K12: 57 | L12: 40 | M12: 41 | N12: 38 | P12: Per C | Q12: 19 | R12: 13.333333 | S12: 13.666667 | T12: 12.666667
J13: Per D | K13: 43 | L13: 37 | M13: 43 | N13: 53 | P13: Per D | Q13: 14.333333 | R13: 12.333333 | S13: 14.333333 | T13: 17.666667
J14: Per E | K14: 45 | L14: 45 | M14: 46 | N14: 49 | P14: Per E | Q14: 15 | R14: 15 | S14: 15.333333 | T14: 16.333333
J15: Per F | K15: 39 | L15: 45 | M15: 43 | N15: 51 | P15: Per F | Q15: 13 | R15: 15 | S15: 14.333333 | T15: 17
